image_number,Penetration_depth (nm),Load (mN),H (GPa)
1,1760,99.913,2.07
2,1954,149.694,2.12
3,1968,149.817,2.81
4,2228,149.91,1.93
5,2035,149.953,2.4
6,2404,199.856,3.28
7,2760,199.732,0.91
8,2699,199.843,1.98
9,2341,199.895,2.34
10,2324,199.779,2.19
11,2840,199.852,2.02
12,2348,199.728,2.37
13,2339,199.878,2.19
14,4332,249.597,2.34
15,2839,249.667,2.56
16,2832,249.579,2.06
17,3599,249.787,2.28
18,2520,249.959,2.35
19,2503,249.928,2.92
20,2941,249.907,2.32
21,2586,249.753,2.02
22,2648,249.488,1.83
23,2700,249.546,2.27
24,3822,299.594,2
25,2996,299.713,2.36
26,2807,299.744,2.6
27,3071,299.765,1.95
28,2916,299.977,2.37
29,3953,299.611,2.05
30,2815,299.481,2.04
31,2681,299.814,2.51
32,2824,299.631,1.77
33,2849,299.928,2.13
34,2873,299.722,2.2
35,3767,299.675,2.16
36,2717,299.679,2.42
37,2824,299.774,2.05
38,2738,299.389,2.56
39,3874,299.489,2.52
40,3109,299.881,2.17
41,2719,299.439,2.41
42,2937,299.928,2.17
43,2705,299.663,2.43
44,4561,349.72,1.96
45,3032,349.631,2.21
46,3043,349.453,2.62
47,3272,349.966,1.28
48,3046,349.411,2.2
49,3132,349.816,2.25
50,3924,349.66,2.28
51,4774,349.612,2.35
52,3581,349.305,2.22
53,3170,349.591,2.13
54,3046,349.454,1.93
55,3175,349.335,2.38
56,4088,349.588,2.19
57,2987,349.313,2.17
58,3553,349.262,2.23
59,3079,349.972,2.35
60,2960,349.923,2.2
61,3410,349.834,2.32
62,3350,399.436,2.32
63,3370,399.132,2.13
64,3465,399.428,1.88
65,3417,399.653,2.28
66,3526,399.814,2.38
67,4780,399.303,1.66
68,4914,399.441,1.99
69,3371,399.764,2.16
70,3441,399.363,2.05
71,3511,399.128,2.56
72,3969,399.199,2.02
73,3139,399.162,2.06
74,3562,449.17,2.25
75,3699,449.182,2.03
76,3559,449.484,2.03
77,3568,449.432,2.44
78,4490,449.161,2.7
79,3248,449.733,2.58
80,3735,449.406,2.55
81,3845,449.758,1.97
82,3458,449.64,2.27
83,4770,449.214,2.38
84,5154,375.206,2.15
85,4590,449.902,2.69
86,3567,449.601,2.09
87,3358,449.356,2.36
88,3939,449.906,1.12
89,3529,449.86,2.33
90,4173,449.09,2.22
91,3564,449.474,2.39
92,3587,449.149,2.15
93,3462,449.483,2.31
94,3463,449.53,2.35
95,3601,449.771,2.62
96,4073,449.064,2.29
97,3472,449.873,2.47
98,3598,449.453,2.22
99,5239,296.689,2.46
100,3967,499.243,0.8
101,3800,498.892,2.7
102,3806,499.557,2.14
103,3914,498.917,2.29
104,3692,499.804,2.34
105,3743,499.287,2.43
106,4157,499.808,2.45
107,5163,499.349,2.35
108,3530,499.06,2.53
109,3758,499.09,2.12
110,3799,499.847,2.22
111,3620,499.889,5.6
112,4065,499.128,2
113,4559,499.61,2.35
114,3578,499.088,2.28
115,3837,499.684,2.22
116,4898,549.271,2.35
117,5010,549.566,0.38
118,3970,549.248,2.13
119,3856,549.976,2.26
120,3674,549.869,2.73
121,3965,549.056,2.41
122,3813,548.956,2.66
123,3832,548.733,2.43
124,3746,549.676,2.36
125,3793,549.306,2.17
126,3846,549.104,2.28
127,3816,549.018,2.15
128,3861,548.974,1.75
129,3676,548.87,2.22
130,3687,549.986,2.2
131,3768,548.855,2.3
132,4591,549.766,2.09
133,4103,549.205,2.51
134,5154,330.805,2.26
135,4069,599.468,2.34
136,4338,599.287,2.08
137,4439,599.307,3.18
138,4790,599.362,2.31
139,5155,508.367,2.32
140,5154,357.84,2.29
141,5162,286.738,2.37
142,5140,433.392,2.28
143,5182,551.12,2.22
144,4468,599.682,2.01
145,3990,599.189,2.3
146,3943,599.454,2.17
147,4473,598.946,2.34
148,4254,599.785,2.19
149,4048,599.453,2.19
150,4018,599.587,2.35
151,4160,599.579,2.54
152,3882,599.865,2.86
153,5175,592.269,2.36
154,5190,427.089,1.74
155,5142,484.305,2.28
156,3803,599.344,2.29
157,3939,599.785,2.4
158,3984,599.729,2.41
159,4011,599.454,2.3
160,4660,598.969,2.34
161,5151,528.083,2.41
162,5155,399.467,2.05
163,4077,599.748,2.36
164,3759,599.85,2.59
165,3967,599.567,2.34
166,4030,599.855,2.23
167,5160,566.611,2.15
168,3888,598.849,2.51
169,3900,598.723,2.4
170,4104,599.296,2.36
171,5166,327.994,2.23
172,5150,437.544,2.54
173,4387,649.914,2.32
174,4234,649.251,2.33
175,5160,403.724,2.08
176,5134,570.369,1.97
177,4738,649.446,2.09
178,4094,649.416,1.7
179,4262,649.847,2.25
180,4198,649.052,2.17
181,4079,649.197,2.03
182,5146,441.633,1.98
183,5141,523.355,2.46
184,4243,649.664,2.23
185,4163,649.893,2.14
186,3922,649.777,1.81
187,4153,649.548,2.26
188,4177,649.572,2.51
189,4073,649.984,1.96
190,4260,649.683,2
191,5137,599.565,2.47
192,4676,649.737,1.64
193,4413,648.796,1.55
194,3907,648.999,2.22
195,4431,649.425,2.29
196,4236,649.175,2.48
197,5064,648.804,1.66
198,4042,649.638,2.58
199,4681,649.698,2.33
200,5153,524.347,2.93
201,4543,648.813,1.92
202,5173,542.556,2.28
203,5150,333.048,1.84
204,5146,437.243,2.25
205,5138,669.044,2.29
206,4317,698.962,2.32
207,4471,699.088,2.13
208,4781,699.383,2.05
209,4399,699.385,2.29
210,5122,699.342,2.19
211,5147,320.324,2.17
212,5145,421.846,2.84
213,4505,698.693,2.2
214,4459,699.623,2.25
215,4201,699.76,2.08
216,4788,699.611,2.15
217,4326,699.014,2.26
218,4428,699.673,1.65
219,4309,699.206,2.51
220,4332,699.29,2.37
221,4389,699.877,2.14
222,4260,699.379,2.58
223,4270,698.807,2.31
224,4441,699.612,2.18
225,4399,699.939,1.2
226,4530,698.577,2.23
227,4271,699.464,2.14
228,5155,333.219,2.17
229,4648,749.098,2.38
230,4418,749.71,2.28
231,5151,687.263,2.28
232,5139,724.699,2.22
233,5148,506.348,2.28
234,5138,426.239,2.16
235,5170,547.512,2.31
236,4948,748.928,2.17
237,4409,748.744,2.07
238,4517,749.292,2.26
239,4877,748.633,2.54
240,4296,748.506,3.11
241,4295,749.685,2.38
242,4367,749.675,2.19
243,4407,749.933,2.64
244,4608,749.305,2.23
245,4512,749.777,2.21
246,4401,748.991,2
247,5152,408.906,2.35
248,4770,749.108,1.8
249,4426,748.576,2.24
250,4676,749.387,2.29
251,5153,538.478,1.68
252,4417,748.524,2.48
253,4548,749.62,2.46
254,4632,748.947,2.46
255,5151,541.749,2.42
256,4879,798.513,2.16
257,4794,799.235,2.28
258,4887,799.462,2.38
259,5150,653.05,2.16
260,5159,447.637,2.31
261,5134,501.639,1.91
262,4640,798.884,2.61
263,4720,799.821,2.51
264,4565,798.673,2.19
265,4878,799.154,2.31
266,4632,798.627,2.19
267,4399,799.546,2.67
268,5156,796.277,2.22
269,5146,448.976,2.07
270,5162,601.571,2.4
271,4606,799.229,2.5
272,4543,798.747,2.48
273,4615,799.037,2.11
274,5143,781.874,2.3
275,4643,799.506,2.36
276,5118,596.59,2.11
277,5084,799.848,1.86
278,4457,799.084,2.33
279,4819,798.917,2.18
280,4781,799.591,2.09
281,5138,504.795,2.57
282,4563,798.293,2.44
283,5149,736.738,2.21
284,5238,222.74,1.97
285,5150,440.743,2.43
286,5146,527.755,2.24
287,5157,704.804,2.04
288,5070,849.143,2.02
289,4725,849.208,2.23
290,5123,735.122,2.36
291,4928,849.891,2.21
292,4833,848.216,1.77
293,5137,773.884,2.34
294,5145,607.241,2.21
295,5124,513.113,1.82
296,5147,652.136,2.45
297,5034,849.242,1.85
298,4758,848.733,2.28
299,4761,848.909,2.31
300,4874,849.253,2.33
301,5041,849.24,2.25
302,5140,365.717,2.26
303,4742,848.649,2.28
304,5131,796.976,2.13
305,4544,848.459,2.08
306,5136,587.261,2.43
307,5155,741.179,1.94
308,4856,848.579,2.44
309,5157,766.705,2.45
310,4722,849.733,2.24
311,4905,849.808,1.92
312,5132,832.605,2.34
313,5139,536.729,2.06
314,4646,849.254,2.16
315,4653,848.529,2.61
316,5144,431.588,2
317,5139,557.379,2.22
318,5130,868.231,2.18
319,4968,899.078,2.28
320,4865,899.189,2.4
321,4911,899.193,2.39
322,4856,899.31,2.35
323,5154,596.871,2.38
324,5157,671.474,2.12
325,4983,899.197,3.76
326,5143,838.211,2.33
327,4920,898.478,2.29
328,4948,899.01,2.08
329,5143,724.348,2.31
330,5142,521.322,2.26
331,5156,394.827,1.9
332,5143,443.459,1.93
333,5151,853.024,1.87
334,4958,898.474,2.21
335,4858,899.145,2.13
336,5152,868.724,2.26
337,5125,763.556,2.2
338,4762,899.859,2.24
339,4807,899.023,2.41
340,4841,899.757,2.59
341,5148,325.062,2.62
342,5143,745.993,2.06
343,5115,943.837,2.33
344,5125,519.147,2.45
345,5145,757.433,2
346,5127,941.658,2.29
347,5142,618.714,2.32
348,5137,521.79,2.16
349,4915,949.917,2.33
350,4950,949.949,2.56
351,4959,948.447,2.29
352,5151,834.249,2.48
353,5148,519.137,2.17
354,4876,949.815,2.09
355,5123,940.564,2.32
356,5120,948.044,2.16
357,5035,949.441,2.17
358,5110,948.686,2.43
359,5160,940.667,2.13
360,5155,697.939,2.26
361,5147,331.646,1.89
362,5122,445.79,2.09
363,5155,860.885,2.31
364,5134,853.823,2.21
365,5120,968.784,2.43
366,5148,529.262,1.92
367,5146,702.606,2.06
368,5135,963.86,2.39
369,5122,779.028,0.63
370,5126,896.045,2.13
371,5118,989.487,1.88
372,5084,999.014,2.42
373,5158,868.332,2.15
374,5126,640.232,2.04
375,5135,497.626,2.11
376,5124,952.242,2.18
377,5130,943.43,2.1
378,5187,781.881,2.43
379,5108,999.251,2.37
380,5032,999.894,2.55
381,5157,709.421,2.33
382,5138,734.965,2.08
383,5027,999.87,2.16
384,5134,949.68,2.27
385,5131,778.848,2.65
386,3138,399.728,2.26
387,3156,399.545,2.22
388,3296,399.578,2.03
389,2994,399.574,2.46
390,3142,399.702,2.27
391,3171,399.989,2.2
392,3164,399.803,2.24
393,3109,399.855,2.3
394,3084,399.53,2.35
395,3144,399.998,2.25
396,3096,399.463,2.33
397,3058,399.612,2.37
398,3042,399.589,2.42
399,3192,399.679,2.15
400,3145,399.97,2.22
401,3099,399.559,2.32
402,3126,399.916,2.26
403,3208,399.919,2.13
404,3082,399.681,2.34
405,3128,399.607,2.28
406,3066,399.865,2.4
407,3140,399.867,2.29
408,3083,399.663,2.35
409,3267,399.919,2.09
410,3096,399.591,2.36
411,3210,399.807,2.15
412,3151,399.599,2.21
413,3161,399.846,2.27
414,3277,449.948,2.35
415,3334,449.809,2.25
416,3321,449.647,2.25
417,3240,449.951,2.41
418,3346,449.865,2.26
419,3323,450,2.26
420,3251,449.967,2.41
421,3262,449.626,2.33
422,3314,449.907,2.29
423,3277,449.744,2.32
424,3337,449.734,2.23
425,3294,449.674,2.34
426,3255,449.886,2.38
427,3278,449.702,2.32
428,3225,449.915,2.42
429,2981,449.908,2.85
430,3430,449.771,2.11
431,3324,449.767,2.23
432,3402,449.376,2.13
433,3302,449.975,2.34
434,3299,449.97,2.3
435,3088,449.516,2.69
436,3331,449.847,2.23
437,3310,449.436,2.28
438,3313,449.758,2.27
439,3190,449.622,2.52
440,3362,449.647,2.19
441,3274,449.825,2.33
442,3241,449.397,2.42
443,3294,449.644,2.32
444,3242,449.772,2.38
445,3368,449.72,2.16
446,3277,449.638,2.36
447,3365,449.903,2.19
448,3343,449.739,2.23
449,3152,449.892,2.56
450,3503,499.366,2.26
451,3670,499.797,2.07
452,3509,499.906,2.24
453,3531,499.297,2.19
454,3633,499.953,2.05
455,3434,499.984,2.39
456,3418,499.636,2.39
457,3334,499.816,2.5
458,3588,499.849,2.14
459,3515,499.989,2.25
460,3479,499.929,2.32
461,3588,499.973,2.12
462,3504,499.414,2.24
463,3463,499.575,2.33
464,3487,499.398,2.27
465,3577,499.375,2.16
466,3521,499.596,2.26
467,3571,499.54,2.18
468,3579,499.698,2.17
469,3674,499.937,2.03
470,3499,499.402,2.29
471,3480,499.556,2.33
472,3645,499.987,2.02
473,3516,499.738,2.23
474,3531,499.555,2.22
475,3578,499.553,2.16
476,3487,499.628,2.3
477,3580,499.789,2.16
478,3556,499.721,2.24
479,3559,499.657,2.2
480,3493,499.872,2.31
481,3301,499.825,2.59
482,3421,499.348,2.4
483,3747,499.744,1.96
484,3660,549.469,2.3
485,3629,549.597,2.35
486,3653,549.695,2.28
487,3663,549.945,2.27
488,3636,549.923,2.28
489,3727,549.426,2.2
490,3682,549.957,2.28
491,3552,549.848,2.45
492,3525,549.728,2.58
493,3707,549.728,2.22
494,3680,549.458,2.28
495,3625,549.52,2.3
496,3609,549.837,2.42
497,3626,549.925,2.32
498,3741,549.766,2.17
499,3290,549.442,3.02
500,3681,549.532,2.28
501,3634,549.543,2.35
502,3666,549.611,2.27
503,3711,549.743,2.2
504,3772,549.802,2.15
505,3668,549.727,2.29
506,3659,549.943,2.27
507,3762,549.979,2.11
508,3811,549.853,2.12
509,3684,549.729,2.28
510,3616,549.5,2.38
511,3839,549.502,2.06
512,3628,549.528,2.37
513,3914,599.432,2.16
514,3826,599.83,2.28
515,3949,599.238,2.1
516,3763,599.422,2.32
517,3748,599.843,2.42
518,3816,599.745,2.28
519,3840,599.897,2.26
520,4088,599.33,1.98
521,3818,599.653,2.3
522,3789,599.802,2.35
523,3863,599.417,2.25
524,3869,599.321,2.19
525,3854,599.817,2.25
526,4110,599.916,1.97
527,3906,599.812,2.17
528,3946,599.461,2.1
529,3993,599.526,2.08
530,3890,599.838,2.24
531,3795,599.565,2.35
532,3446,599.831,2.97
533,3862,599.642,2.26
534,3844,599.662,2.3
535,3969,599.871,2.25
536,3840,599.788,2.28
537,3884,599.699,2.21
538,3923,599.601,2.18
539,3918,599.483,2.23
540,3999,599.554,2.1
541,3807,599.903,2.34
542,3864,599.68,2.27
543,4074,649.451,2.18
544,4044,649.509,2.2
545,4079,649.787,2.14
546,3966,649.872,2.31
547,3927,649.668,2.35
548,3960,649.744,2.46
549,4013,649.506,2.22
550,3968,649.287,2.34
551,3902,649.4,2.41
552,4021,649.867,2.24
553,3951,649.691,2.33
554,4088,649.966,2.16
555,3917,649.854,2.39
556,3950,649.374,2.31
557,3877,649.582,2.43
558,4062,649.929,2.23
559,4015,649.979,2.22
560,4094,649.225,2.1
561,3970,649.873,2.34
562,4080,649.398,2.18
563,4062,649.637,2.21
564,3907,649.733,2.4
565,4066,649.834,2.19
566,3954,649.976,2.34
567,4147,649.716,2.09
568,3974,649.555,2.31
569,4083,649.524,2.18
570,4075,649.594,2.19
571,3763,649.684,2.63
572,4031,649.113,2.26
573,3963,649.717,2.35
574,4151,699.359,2.3
575,4032,699.424,2.43
576,3989,699.717,2.44
577,4153,699.458,2.3
578,4122,699.756,2.3
579,4037,699.485,2.45
580,4223,699.863,2.19
581,4259,699.74,2.12
582,4116,699.737,2.3
583,4182,699.528,2.23
584,4069,699.954,2.38
585,4176,699.628,2.19
586,4193,699.687,2.25
587,4213,699.874,2.22
588,4233,699.552,2.12
589,4059,699.587,2.39
590,4161,699.763,2.25
591,4161,699.362,2.26
592,4152,699.97,2.27
593,4095,699.697,2.36
594,4126,699.621,2.32
595,4517,699.905,1.9
596,4151,699.416,2.33
597,4246,699.325,2.18
598,4161,699.723,2.28
599,3852,699.941,2.72
600,4110,699.56,2.33
601,4304,749.475,2.28
602,4275,749.604,2.31
603,4243,749.925,2.34
604,4218,749.691,2.37
605,4256,749.758,2.37
606,4278,749.894,2.28
607,4056,749.712,2.52
608,4274,749.818,2.3
609,4350,749.37,2.2
610,4321,749.864,2.26
611,4292,749.632,2.28
612,4283,749.542,2.28
613,4301,749.476,2.26
614,4265,749.74,2.27
615,4759,749.675,1.78
616,4359,749.68,2.21
617,4312,749.72,2.26
618,4235,749.306,2.33
619,4206,749.715,2.41
620,4261,749.718,2.33
621,4477,749.783,2.08
622,4281,749.729,2.25
623,4401,749.952,2.12
624,4280,749.403,2.31
625,4201,749.575,2.39
626,4236,749.939,2.37
627,4275,749.699,2.32
628,4207,749.719,2.4
629,4276,749.839,2.32
630,4236,749.58,2.33
631,4324,749.847,2.26
632,4320,749.414,2.23
633,4406,749.863,2.19
634,4372,749.88,2.21
635,4298,749.412,2.31
636,4284,749.427,2.27
637,4335,749.846,2.25
638,4206,749.3,2.41
639,4426,749.515,2.12
640,3615,499.648,2.22
641,3494,499.754,2.33
642,3576,499.586,2.22
643,3554,499.795,2.24
644,3538,499.484,2.22
645,3637,499.444,2.1
646,3797,499.913,1.89
647,3780,499.416,1.89
648,3727,499.882,2.07
649,3652,499.794,2.14
650,3534,499.902,2.28
651,3502,499.973,2.34
652,3572,499.572,2.2
653,3477,499.955,2.36
654,3577,499.497,2.23
655,3661,499.96,2.11
656,3619,499.874,2.18
657,3654,499.647,2.17
658,3605,499.744,2.27
659,3576,499.532,2.28
660,3635,499.61,2.17
661,3607,499.544,2.18
662,3520,499.858,2.29
663,3411,499.466,2.48
664,3494,499.49,2.33
665,3597,499.845,2.2
666,3516,499.685,2.39
667,3481,499.553,2.35
668,3637,499.98,2.19
669,3694,499.594,2.13
670,3736,499.973,2.06
671,3696,499.793,2.09
672,3951,499.584,1.82
673,3687,499.701,2.05
674,3747,549.618,2.24
675,3767,549.349,2.29
676,3810,549.539,2.19
677,3708,549.892,2.29
678,3701,549.776,2.24
679,3673,549.736,2.3
680,3761,549.568,2.22
681,3697,549.501,2.28
682,3770,549.744,2.23
683,3657,549.727,2.32
684,3878,549.719,2.07
685,3740,549.961,2.32
686,3751,549.757,2.3
687,3673,549.883,2.41
688,3847,549.341,2.11
689,3671,549.981,2.33
690,3734,549.777,2.23
691,3783,549.493,2.18
692,3832,549.648,2.08
693,3894,549.853,2.03
694,3668,549.644,2.34
695,3773,549.896,2.22
696,3711,549.482,2.31
697,3914,549.5,2.04
698,3847,549.688,2.17
699,3928,549.764,2.05
700,3858,549.903,2.13
