image_number,Penetration_depth (nm),Load (mN),E (GPa)
1,1760,99.913,62.7
2,1954,149.694,76.5
3,1968,149.817,78.9
4,2228,149.91,52.8
5,2035,149.953,71.1
6,2404,199.856,59.9
7,2760,199.732,43.9
8,2699,199.843,58
9,2341,199.895,72.5
10,2324,199.779,68.1
11,2840,199.852,54.8
12,2348,199.728,70.3
13,2339,199.878,72.8
14,4332,249.597,55.7
15,2839,249.667,68.1
16,2832,249.579,71.8
17,3599,249.787,58.7
18,2520,249.959,76
19,2503,249.928,79.3
20,2941,249.907,61.7
21,2586,249.753,80.1
22,2648,249.488,61.6
23,2700,249.546,64.8
24,3822,299.594,64.1
25,2996,299.713,73.6
26,2807,299.744,82.8
27,3071,299.765,69.6
28,2916,299.977,82.7
29,3953,299.611,64.4
30,2815,299.481,70.3
31,2681,299.814,77.2
32,2824,299.631,70
33,2849,299.928,72.3
34,2873,299.722,72
35,3767,299.675,65.7
36,2717,299.679,69.7
37,2824,299.774,73.2
38,2738,299.389,75.2
39,3874,299.489,55
40,3109,299.881,65.3
41,2719,299.439,70.5
42,2937,299.928,71.2
43,2705,299.663,84.7
44,4561,349.72,64.5
45,3032,349.631,78
46,3043,349.453,80.3
47,3272,349.966,60.7
48,3046,349.411,74.3
49,3132,349.816,70.5
50,3924,349.66,67.6
51,4774,349.612,64.7
52,3581,349.305,59.7
53,3170,349.591,76.2
54,3046,349.454,72.5
55,3175,349.335,75.9
56,4088,349.588,61.4
57,2987,349.313,72.1
58,3553,349.262,60.7
59,3079,349.972,75.5
60,2960,349.923,74.1
61,3410,349.834,65.5
62,3350,399.436,80.3
63,3370,399.132,79.3
64,3465,399.428,64.9
65,3417,399.653,70.2
66,3526,399.814,65
67,4780,399.303,54.5
68,4914,399.441,58.9
69,3371,399.764,71.9
70,3441,399.363,67.8
71,3511,399.128,69.5
72,3969,399.199,62
73,3139,399.162,76.1
74,3562,449.17,67.4
75,3699,449.182,70.8
76,3559,449.484,69.2
77,3568,449.432,72.1
78,4490,449.161,66.9
79,3248,449.733,75.5
80,3735,449.406,68.5
81,3845,449.758,64.4
82,3458,449.64,80.9
83,4770,449.214,66.1
84,5154,375.206,62.6
85,4590,449.902,69.2
86,3567,449.601,71.9
87,3358,449.356,72.6
88,3939,449.906,50.1
89,3529,449.86,68.1
90,4173,449.09,63.5
91,3564,449.474,70.2
92,3587,449.149,75.9
93,3462,449.483,72.9
94,3463,449.53,75
95,3601,449.771,73.7
96,4073,449.064,66.1
97,3472,449.873,77.9
98,3598,449.453,67.5
99,5239,296.689,58.2
100,3967,499.243,49.6
101,3800,498.892,82
102,3806,499.557,69.8
103,3914,498.917,73.4
104,3692,499.804,74.2
105,3743,499.287,79
106,4157,499.808,66.9
107,5163,499.349,61
108,3530,499.06,74.9
109,3758,499.09,77.2
110,3799,499.847,65.7
111,3620,499.889,105.9
112,4065,499.128,57.7
113,4559,499.61,66.5
114,3578,499.088,83.2
115,3837,499.684,68.3
116,4898,549.271,68.1
117,5010,549.566,29.5
118,3970,549.248,75.9
119,3856,549.976,71.3
120,3674,549.869,79.9
121,3965,549.056,84
122,3813,548.956,78.3
123,3832,548.733,76.4
124,3746,549.676,83
125,3793,549.306,74.6
126,3846,549.104,65.7
127,3816,549.018,75.8
128,3861,548.974,70
129,3676,548.87,75.7
130,3687,549.986,70.9
131,3768,548.855,66
132,4591,549.766,60.2
133,4103,549.205,69.2
134,5154,330.805,66.8
135,4069,599.468,73.9
136,4338,599.287,65
137,4439,599.307,74.4
138,4790,599.362,70.4
139,5155,508.367,66.5
140,5154,357.84,67.7
141,5162,286.738,60.3
142,5140,433.392,60.4
143,5182,551.12,75.2
144,4468,599.682,75
145,3990,599.189,73.5
146,3943,599.454,66.1
147,4473,598.946,62.3
148,4254,599.785,72.9
149,4048,599.453,72.4
150,4018,599.587,77.4
151,4160,599.579,74.9
152,3882,599.865,87.2
153,5175,592.269,65.7
154,5190,427.089,54.4
155,5142,484.305,62.9
156,3803,599.344,77.2
157,3939,599.785,74.6
158,3984,599.729,75.5
159,4011,599.454,65.1
160,4660,598.969,64.9
161,5151,528.083,66
162,5155,399.467,61
163,4077,599.748,84.9
164,3759,599.85,81.4
165,3967,599.567,79.3
166,4030,599.855,67.4
167,5160,566.611,66.1
168,3888,598.849,77.2
169,3900,598.723,75.6
170,4104,599.296,72.9
171,5166,327.994,61.4
172,5150,437.544,63.1
173,4387,649.914,80.8
174,4234,649.251,79.2
175,5160,403.724,56.7
176,5134,570.369,66.3
177,4738,649.446,70.1
178,4094,649.416,77.9
179,4262,649.847,79.7
180,4198,649.052,78
181,4079,649.197,70.8
182,5146,441.633,61.7
183,5141,523.355,68.5
184,4243,649.664,74.4
185,4163,649.893,79.7
186,3922,649.777,72.3
187,4153,649.548,76.6
188,4177,649.572,77.2
189,4073,649.984,69.8
190,4260,649.683,68.9
191,5137,599.565,64.6
192,4676,649.737,56.9
193,4413,648.796,58.8
194,3907,648.999,75.5
195,4431,649.425,69.6
196,4236,649.175,72.4
197,5064,648.804,58.6
198,4042,649.638,80.7
199,4681,649.698,78.7
200,5153,524.347,80.2
201,4543,648.813,67.8
202,5173,542.556,56
203,5150,333.048,56
204,5146,437.243,64.9
205,5138,669.044,71.6
206,4317,698.962,76.3
207,4471,699.088,70.3
208,4781,699.383,68.2
209,4399,699.385,72.1
210,5122,699.342,67.4
211,5147,320.324,59.9
212,5145,421.846,58.4
213,4505,698.693,69.2
214,4459,699.623,80
215,4201,699.76,82.2
216,4788,699.611,70.5
217,4326,699.014,79.7
218,4428,699.673,59.9
219,4309,699.206,91.2
220,4332,699.29,76.1
221,4389,699.877,73.2
222,4260,699.379,83.2
223,4270,698.807,85.5
224,4441,699.612,71.4
225,4399,699.939,57.3
226,4530,698.577,67
227,4271,699.464,78.5
228,5155,333.219,56.9
229,4648,749.098,78.7
230,4418,749.71,72
231,5151,687.263,68.9
232,5139,724.699,71
233,5148,506.348,68.2
234,5138,426.239,60.7
235,5170,547.512,71.7
236,4948,748.928,70.3
237,4409,748.744,79.4
238,4517,749.292,73
239,4877,748.633,81.4
240,4296,748.506,88.7
241,4295,749.685,83.7
242,4367,749.675,77
243,4407,749.933,87.8
244,4608,749.305,73.7
245,4512,749.777,72.6
246,4401,748.991,69.2
247,5152,408.906,63.7
248,4770,749.108,70.7
249,4426,748.576,84.2
250,4676,749.387,75.9
251,5153,538.478,52.2
252,4417,748.524,83
253,4548,749.62,71.8
254,4632,748.947,70.6
255,5151,541.749,69.2
256,4879,798.513,78.6
257,4794,799.235,75.8
258,4887,799.462,76
259,5150,653.05,69.4
260,5159,447.637,67.2
261,5134,501.639,62.4
262,4640,798.884,82
263,4720,799.821,84.6
264,4565,798.673,73.1
265,4878,799.154,77.5
266,4632,798.627,78.4
267,4399,799.546,77.7
268,5156,796.277,74.7
269,5146,448.976,59.1
270,5162,601.571,73.8
271,4606,799.229,74.4
272,4543,798.747,82.2
273,4615,799.037,70.8
274,5143,781.874,73.4
275,4643,799.506,71.6
276,5118,596.59,65.1
277,5084,799.848,88
278,4457,799.084,79.6
279,4819,798.917,76.3
280,4781,799.591,73.9
281,5138,504.795,72
282,4563,798.293,74.3
283,5149,736.738,70.6
284,5238,222.74,46.3
285,5150,440.743,68.8
286,5146,527.755,75.9
287,5157,704.804,66.5
288,5070,849.143,70.6
289,4725,849.208,83.2
290,5123,735.122,72.9
291,4928,849.891,69.1
292,4833,848.216,66.3
293,5137,773.884,70.4
294,5145,607.241,72.7
295,5124,513.113,61.4
296,5147,652.136,63.6
297,5034,849.242,67.4
298,4758,848.733,80
299,4761,848.909,85.7
300,4874,849.253,72.1
301,5041,849.24,73.8
302,5140,365.717,65.6
303,4742,848.649,80
304,5131,796.976,68.6
305,4544,848.459,77.6
306,5136,587.261,73.4
307,5155,741.179,66.2
308,4856,848.579,73.9
309,5157,766.705,84
310,4722,849.733,75
311,4905,849.808,63.8
312,5132,832.605,72.8
313,5139,536.729,65.2
314,4646,849.254,74.3
315,4653,848.529,81.7
316,5144,431.588,62.4
317,5139,557.379,64.2
318,5130,868.231,68.6
319,4968,899.078,79.6
320,4865,899.189,79.6
321,4911,899.193,78.7
322,4856,899.31,76.5
323,5154,596.871,71.7
324,5157,671.474,65
325,4983,899.197,81.6
326,5143,838.211,70.2
327,4920,898.478,72.7
328,4948,899.01,82.3
329,5143,724.348,71.2
330,5142,521.322,70.9
331,5156,394.827,58
332,5143,443.459,58.1
333,5151,853.024,60.4
334,4958,898.474,81.4
335,4858,899.145,76
336,5152,868.724,71.1
337,5125,763.556,72.6
338,4762,899.859,78.7
339,4807,899.023,76.8
340,4841,899.757,78.1
341,5148,325.062,65.1
342,5143,745.993,66.7
343,5115,943.837,67.2
344,5125,519.147,73.7
345,5145,757.433,61.5
346,5127,941.658,75.5
347,5142,618.714,71.5
348,5137,521.79,66.3
349,4915,949.917,76.3
350,4950,949.949,78.1
351,4959,948.447,68.2
352,5151,834.249,71.2
353,5148,519.137,68.3
354,4876,949.815,76.8
355,5123,940.564,76
356,5120,948.044,68
357,5035,949.441,82.6
358,5110,948.686,80.3
359,5160,940.667,74.1
360,5155,697.939,70.2
361,5147,331.646,55.8
362,5122,445.79,62
363,5155,860.885,73.3
364,5134,853.823,77.2
365,5120,968.784,86.7
366,5148,529.262,63.7
367,5146,702.606,66.6
368,5135,963.86,78.4
369,5122,779.028,35.7
370,5126,896.045,70.9
371,5118,989.487,66
372,5084,999.014,74
373,5158,868.332,68.3
374,5126,640.232,71.3
375,5135,497.626,62.4
376,5124,952.242,81.4
377,5130,943.43,71.9
378,5187,781.881,68.1
379,5108,999.251,72.2
380,5032,999.894,81
381,5157,709.421,68.5
382,5138,734.965,65.9
383,5027,999.87,79.9
384,5134,949.68,69.4
385,5131,778.848,77.6
386,3138,399.728,78.18
387,3156,399.545,76.57
388,3296,399.578,72.31
389,2994,399.574,80.59
390,3142,399.702,76.38
391,3171,399.989,80.28
392,3164,399.803,75.97
393,3109,399.855,79.09
394,3084,399.53,78.62
395,3144,399.998,76.52
396,3096,399.463,78.19
397,3058,399.612,83.4
398,3042,399.589,78.5
399,3192,399.679,78.82
400,3145,399.97,83.9
401,3099,399.559,77.93
402,3126,399.916,79.01
403,3208,399.919,77.34
404,3082,399.681,77.71
405,3128,399.607,76.46
406,3066,399.865,75.78
407,3140,399.867,75.73
408,3083,399.663,80.27
409,3267,399.919,73.95
410,3096,399.591,75.04
411,3210,399.807,75.15
412,3151,399.599,76.48
413,3161,399.846,71.44
414,3277,449.948,77.05
415,3334,449.809,76.13
416,3321,449.647,80.61
417,3240,449.951,79.31
418,3346,449.865,75.35
419,3323,450,80.42
420,3251,449.967,79.42
421,3262,449.626,80.12
422,3314,449.907,78.47
423,3277,449.744,79.93
424,3337,449.734,79.49
425,3294,449.674,75.79
426,3255,449.886,78.68
427,3278,449.702,80
428,3225,449.915,81.97
429,2981,449.908,95.52
430,3430,449.771,75.52
431,3324,449.767,79.52
432,3402,449.376,79.38
433,3302,449.975,76.04
434,3299,449.97,80.43
435,3088,449.516,78.19
436,3331,449.847,80.22
437,3310,449.436,80.84
438,3313,449.758,78.03
439,3190,449.622,77.75
440,3362,449.647,80.55
441,3274,449.825,80.94
442,3241,449.397,78.47
443,3294,449.644,79.17
444,3242,449.772,81.44
445,3368,449.72,81.05
446,3277,449.638,75.24
447,3365,449.903,76.69
448,3343,449.739,79.32
449,3152,449.892,77.69
450,3503,499.366,77.35
451,3670,499.797,72.29
452,3509,499.906,82.95
453,3531,499.297,79.65
454,3633,499.953,86.31
455,3434,499.984,79.45
456,3418,499.636,81.21
457,3334,499.816,84.79
458,3588,499.849,76.29
459,3515,499.989,78.07
460,3479,499.929,75.67
461,3588,499.973,77.7
462,3504,499.414,81.9
463,3463,499.575,78.79
464,3487,499.398,79.84
465,3577,499.375,74.94
466,3521,499.596,78.82
467,3571,499.54,77.34
468,3579,499.698,75.34
469,3674,499.937,74.37
470,3499,499.402,76.49
471,3480,499.556,76.85
472,3645,499.987,80.07
473,3516,499.738,78.78
474,3531,499.555,76.52
475,3578,499.553,77.22
476,3487,499.628,77.66
477,3580,499.789,74.6
478,3556,499.721,71.91
479,3559,499.657,73.81
480,3493,499.872,76.39
481,3301,499.825,88.03
482,3421,499.348,79.45
483,3747,499.744,71.53
484,3660,549.469,76.55
485,3629,549.597,78.22
486,3653,549.695,80
487,3663,549.945,82.49
488,3636,549.923,81.98
489,3727,549.426,73.8
490,3682,549.957,75.37
491,3552,549.848,80.12
492,3525,549.728,76.94
493,3707,549.728,77.7
494,3680,549.458,78.35
495,3625,549.52,85.14
496,3609,549.837,74.46
497,3626,549.925,82.37
498,3741,549.766,78.66
499,3290,549.442,80.48
500,3681,549.532,74.43
501,3634,549.543,76.04
502,3666,549.611,79.96
503,3711,549.743,79.89
504,3772,549.802,77.19
505,3668,549.727,76.59
506,3659,549.943,79.59
507,3762,549.979,79.64
508,3811,549.853,74.51
509,3684,549.729,74.95
510,3616,549.5,73.6
511,3839,549.502,73.42
512,3628,549.528,75.4
513,3914,599.432,75.43
514,3826,599.83,79.68
515,3949,599.238,79.71
516,3763,599.422,83.18
517,3748,599.843,78.72
518,3816,599.745,78.25
519,3840,599.897,79.33
520,4088,599.33,73.24
521,3818,599.653,79.97
522,3789,599.802,79.01
523,3863,599.417,80.28
524,3869,599.321,82.51
525,3854,599.817,78.47
526,4110,599.916,71.1
527,3906,599.812,80.18
528,3946,599.461,78.31
529,3993,599.526,76.55
530,3890,599.838,75
531,3795,599.565,77.95
532,3446,599.831,80.78
533,3862,599.642,78.25
534,3844,599.662,73.51
535,3969,599.871,63.82
536,3840,599.788,78.76
537,3884,599.699,76.93
538,3923,599.601,75.04
539,3918,599.483,69.49
540,3999,599.554,70.23
541,3807,599.903,74.2
542,3864,599.68,74.62
543,4074,649.451,75.99
544,4044,649.509,78.06
545,4079,649.787,79.56
546,3966,649.872,79.99
547,3927,649.668,79.84
548,3960,649.744,71.23
549,4013,649.506,82.87
550,3968,649.287,76.26
551,3902,649.4,77.27
552,4021,649.867,79.57
553,3951,649.691,78.93
554,4088,649.966,78.2
555,3917,649.854,77.95
556,3950,649.374,85.24
557,3877,649.582,79.59
558,4062,649.929,76.98
559,4015,649.979,80.47
560,4094,649.225,84.8
561,3970,649.873,77.25
562,4080,649.398,76.12
563,4062,649.637,76.37
564,3907,649.733,79.89
565,4066,649.834,79.26
566,3954,649.976,77.67
567,4147,649.716,74.82
568,3974,649.555,77.48
569,4083,649.524,76.44
570,4075,649.594,76.33
571,3763,649.684,75.53
572,4031,649.113,75.3
573,3963,649.717,75.57
574,4151,699.359,78.79
575,4032,699.424,80.61
576,3989,699.717,83.95
577,4153,699.458,74.3
578,4122,699.756,77.99
579,4037,699.485,78.39
580,4223,699.863,78.52
581,4259,699.74,79.87
582,4116,699.737,82.18
583,4182,699.528,78.58
584,4069,699.954,82.53
585,4176,699.628,82.97
586,4193,699.687,71.27
587,4213,699.874,73.68
588,4233,699.552,83.39
589,4059,699.587,82.43
590,4161,699.763,80.17
591,4161,699.362,78.01
592,4152,699.97,76.91
593,4095,699.697,77.13
594,4126,699.621,78.78
595,4517,699.905,71.65
596,4151,699.416,73.41
597,4246,699.325,73.03
598,4161,699.723,74.54
599,3852,699.941,78.3
600,4110,699.56,76.17
601,4304,749.475,76.34
602,4275,749.604,77.68
603,4243,749.925,78.28
604,4218,749.691,77.92
605,4256,749.758,76.23
606,4278,749.894,79.6
607,4056,749.712,86.89
608,4274,749.818,81.18
609,4350,749.37,78.4
610,4321,749.864,76.84
611,4292,749.632,78.12
612,4283,749.542,80.08
613,4301,749.476,79.71
614,4265,749.74,81.38
615,4759,749.675,74.3
616,4359,749.68,76.58
617,4312,749.72,76.85
618,4235,749.306,82.18
619,4206,749.715,80.68
620,4261,749.718,76.66
621,4477,749.783,77.45
622,4281,749.729,81.61
623,4401,749.952,80.83
624,4280,749.403,78.39
625,4201,749.575,80.58
626,4236,749.939,76.5
627,4275,749.699,77.47
628,4207,749.719,75.84
629,4276,749.839,76.96
630,4236,749.58,79.6
631,4324,749.847,76.14
632,4320,749.414,80.46
633,4406,749.863,70.66
634,4372,749.88,73.88
635,4298,749.412,74.05
636,4284,749.427,78.17
637,4335,749.846,74.99
638,4206,749.3,77.23
639,4426,749.515,77.23
640,3615,499.648,61.98
641,3494,499.754,71.07
642,3576,499.586,69
643,3554,499.795,69.58
644,3538,499.484,75.18
645,3637,499.444,73.69
646,3797,499.913,71.27
647,3780,499.416,71.48
648,3727,499.882,60
649,3652,499.794,64.16
650,3534,499.902,70.94
651,3502,499.973,70.09
652,3572,499.572,72.48
653,3477,499.955,73.22
654,3577,499.497,67.15
655,3661,499.96,66.29
656,3619,499.874,65.52
657,3654,499.647,60.71
658,3605,499.744,59.61
659,3576,499.532,63.6
660,3635,499.61,65.01
661,3607,499.544,67.06
662,3520,499.858,70.47
663,3411,499.466,74.8
664,3494,499.49,71.75
665,3597,499.845,67.76
666,3516,499.685,65.42
667,3481,499.553,69.03
668,3637,499.98,61.97
669,3694,499.594,58.16
670,3736,499.973,61.9
671,3696,499.793,64.28
672,3951,499.584,59.34
673,3687,499.701,68.72
674,3747,549.618,66.73
675,3767,549.349,62.99
676,3810,549.539,65.54
677,3708,549.892,69.02
678,3701,549.776,76.89
679,3673,549.736,74.66
680,3761,549.568,70.43
681,3697,549.501,74.34
682,3770,549.744,68.19
683,3657,549.727,72.47
684,3878,549.719,63.88
685,3740,549.961,60.4
686,3751,549.757,60.85
687,3673,549.883,63.03
688,3847,549.341,66.12
689,3671,549.981,70.91
690,3734,549.777,70.99
691,3783,549.493,70.17
692,3832,549.648,73.9
693,3894,549.853,68.19
694,3668,549.644,72.86
695,3773,549.896,66.26
696,3711,549.482,68.44
697,3914,549.5,62.08
698,3847,549.688,60.6
699,3928,549.764,59.25
700,3858,549.903,61.27
701,3839,549.529,62.09
702,3840,549.685,64.05
703,4744,549.741,55.36
704,3808,549.825,74.17
705,3638,549.932,68.03
706,3775,549.851,65.27
707,3860,549.658,65.17
708,3601,549.512,68.01
709,3802,549.583,55.59
710,3841,549.446,57.15
711,3712,549.731,65.51
712,3784,549.625,63.31
713,3620,549.589,72.57
714,4159,599.577,59.43
715,4030,599.735,62.85
716,4060,599.416,64.76
717,3927,599.822,66.62
718,3936,599.488,70.25
719,3878,599.439,71.1
720,3976,599.964,73.79
721,3927,599.455,71.79
722,3802,599.597,69.26
723,4063,599.789,67.57
724,3910,599.827,65.54
725,4114,599.971,57.1
726,4006,599.98,61.22
727,3924,599.875,63
728,4143,599.461,64.88
729,3883,599.792,69.11
730,3971,599.859,69.14
731,3801,599.489,68.65
732,3939,599.42,66.77
733,3956,599.793,63.98
734,4030,599.525,56.45
735,4020,599.634,59.09
736,3906,599.577,65.44
737,3928,599.734,64.97
738,3978,599.821,68.68
739,3910,599.348,73.67
740,3870,599.71,65.79
741,3952,599.573,67.03
742,3855,599.494,67.13
743,3932,599.858,63.2
744,4028,599.916,60.27
745,4007,599.742,60.45
746,4104,599.758,55.36
747,4037,599.911,58.33
748,4037,599.736,58.61
749,3868,599.418,70.94
750,3986,599.659,67.26
751,3195,399.693,76.51
752,3189,399.681,75.68
753,3138,399.449,77.13
754,3205,399.537,77.12
755,3210,399.768,76.14
756,3058,399.993,78.17
757,3249,399.735,73.52
758,3054,399.656,82.25
759,3094,399.977,78.96
760,3035,399.703,81.34
761,3148,399.813,76.83
762,3096,399.86,80.84
763,3255,399.449,74.03
764,3152,399.979,79.12
765,3225,399.486,74.35
766,3268,399.637,74.98
767,3194,399.86,77.81
768,3038,399.577,83
769,3203,399.723,76.04
770,2975,399.856,86.07
771,3184,399.594,77.82
772,3016,399.798,76.49
773,3198,399.986,75.39
774,3132,399.705,73.05
775,3100,399.72,75.89
776,3151,399.865,78.72
777,3091,399.94,80.98
778,3228,399.85,74.75
779,3123,399.58,76.96
780,3007,399.613,82.93
781,3250,399.771,72.76
782,3112,399.889,80.05
783,3106,399.885,77.49
784,3056,399.397,75.56
785,3058,399.507,77.5
786,3027,399.689,80.84
787,3079,399.762,79.22
788,3118,399.675,78.14
789,3111,399.572,79.04
790,3079,399.712,80.61
791,3239,449.437,74.83
792,3259,449.604,77.26
793,3285,449.951,75.99
794,3382,449.529,73.79
795,3343,449.67,76.29
796,3277,449.566,79.13
797,3487,449.579,75.2
798,3302,449.637,79.26
799,3761,449.56,71.19
800,3253,449.814,79.4
801,3355,449.62,77.5
802,3302,449.76,77.12
803,3419,449.706,71.21
804,3187,449.702,76.66
805,3285,449.54,75.17
806,3317,449.611,78.03
807,3356,449.829,79.86
808,3337,449.555,78.85
809,3307,449.851,77.5
810,3451,449.903,78.08
811,3260,449.934,79.65
812,3283,449.858,79.44
813,3277,449.721,73.89
814,3126,449.772,80.01
815,3302,449.627,77.42
816,3235,449.519,82.39
817,3417,449.667,75.85
818,3574,449.986,71.55
819,3292,449.646,76.1
820,3265,449.912,82.47
821,3297,449.642,73.73
822,3330,449.535,77.01
823,3426,449.893,71.68
824,3394,449.684,71.95
825,3455,449.97,72.55
826,3384,449.482,74.26
827,3192,449.857,80.18
828,3766,499.936,68.62
829,3683,499.888,70.89
830,3475,499.952,79.35
831,3530,499.817,77.39
832,3393,499.74,82.45
833,3480,499.508,76.75
834,3440,499.949,78.42
835,3616,499.983,74.6
836,3466,499.509,74.34
837,3447,499.593,76.33
838,3486,499.787,76.73
839,3481,499.993,81.82
840,3499,499.819,70.08
841,3420,499.616,78.52
842,3520,499.681,80.1
843,3601,499.542,74.37
844,3524,499.808,79.52
845,3479,499.614,82.73
846,3458,499.597,74.75
847,3478,499.984,81.89
848,3549,499.492,78.29
849,3470,499.344,79.11
850,3359,499.28,78
851,3426,499.701,77.15
852,3340,499.615,80.59
853,3475,499.67,80
854,3702,499.951,69.74
855,3455,499.876,78.7
856,3449,499.621,79.94
857,3477,499.861,78.65
858,3635,499.46,72.57
859,3479,499.469,84.33
860,3587,499.681,75.83
861,3690,499.675,73.69
862,3793,499.57,66.82
863,3524,499.953,75.29
864,3426,499.958,80.35
865,3434,499.908,80.48
866,3537,499.954,74.16
867,3426,499.534,78.81
868,3594,499.958,73.5
869,3602,549.988,75.26
870,3720,549.755,78.88
871,3600,549.409,79.45
872,3748,549.501,76.17
873,3672,549.414,78.43
874,3658,549.581,77.94
875,3635,549.782,79.18
876,3586,549.793,71.69
877,3762,549.984,75.91
878,3629,549.672,78.68
879,3760,549.401,79.39
880,4025,549.657,68.05
881,3788,549.958,75.7
882,3691,549.537,80.18
883,3684,549.654,77.01
884,3682,549.857,79.79
885,3879,549.732,72.1
886,3610,549.876,78.67
887,3659,549.414,75.34
888,3676,549.497,76.31
889,3696,549.645,76.82
890,3733,549.635,75.41
891,3494,549.709,80.28
892,3755,549.485,75.3
893,3754,549.795,71.38
894,3608,549.856,79.83
895,3802,549.556,78.1
896,3901,549.785,74.78
897,3649,549.795,75.19
898,3887,549.634,75.31
899,3511,549.452,81.44
900,3785,549.857,74.96
901,3712,549.751,74.95
902,3708,549.942,78.01
903,3453,549.647,83
904,3751,549.432,76.61
905,3627,549.663,78.22
906,3774,549.759,73.05
907,3743,599.89,79.99
908,3937,599.882,74.89
909,3783,599.88,79.77
910,3831,599.341,81.98
911,3908,599.92,76.9
912,3849,599.951,76.91
913,3806,599.766,79.35
914,3833,599.49,81.45
915,4003,599.538,75.46
916,3655,599.502,80.26
917,3865,599.569,77.62
918,3891,599.549,74.96
919,3882,599.799,75.09
920,3806,599.873,78.41
921,3724,599.581,79.67
922,3947,599.727,77.09
923,3925,599.708,75.94
924,3819,599.973,77.85
925,4000,599.561,73.69
926,3857,599.685,76.48
927,3810,599.492,74.09
928,3855,599.656,73.25
929,3912,599.759,72.94
930,3830,599.412,78.73
931,3846,599.622,78.08
932,3862,599.687,77.46
933,3869,599.587,75.61
934,3713,599.805,79.86
935,3880,599.882,76.99
936,4000,599.498,79.89
937,3812,599.67,76.2
938,3740,599.637,82.2
939,4346,599.906,61.6
940,3804,599.891,74.69
941,3805,599.546,77.72
942,3969,599.861,73.12
943,3845,599.728,76.53
944,3829,599.707,78.59
945,4132,649.697,69.38
946,4094,649.371,77.3
947,4009,649.717,77.78
948,4172,649.83,76.94
949,3970,649.852,75.94
950,3843,649.738,79.58
951,3966,649.563,80.89
952,3995,649.555,76.58
953,3881,649.64,79.79
954,3950,649.841,78.36
955,4260,649.965,82.43
956,4053,649.943,77.54
957,4005,649.654,73.23
958,3956,649.929,77.07
959,3451,649.873,78.59
960,3895,649.871,77.09
961,4079,649.974,75.54
962,4142,649.75,78.39
963,4049,649.563,75.19
964,4048,649.768,79.22
965,4033,649.907,75.98
966,3891,649.941,80.13
967,4047,649.584,77.01
968,3960,649.432,75.2
969,4092,649.546,73.46
970,3977,649.521,76.78
971,3937,649.579,78.69
972,4052,649.568,73.23
973,3986,649.405,77.46
974,3942,649.87,78.7
975,4060,649.905,76.49
976,3962,649.988,78.63
977,3990,649.636,76.89
978,4063,649.845,78.99
979,3938,649.455,77.21
980,3942,649.309,77.27
981,4110,649.772,68.34
982,4032,649.724,70.82
983,4171,649.953,71.43
984,4135,649.359,72.96
985,3892,649.623,79.01
986,4010,649.547,77.83
987,3992,649.523,77.04
988,4057,649.52,75.74
989,3999,699.757,73.89
990,4099,699.911,77.95
991,4198,699.498,75.97
992,4227,699.502,74.24
993,4266,699.398,75.66
994,4117,699.563,81.44
995,4178,699.368,77.36
996,4165,699.37,76.79
997,4245,699.939,73.3
998,4237,699.814,72.32
999,4204,699.459,74.39
1000,4327,699.519,71.98
