image,E(GPa),H(GPa),Load(N),InnerPixels,CrackLength(um),FractureToughness(Kc)
63.JPG,79.3,2.13,0.399132,4842,30.526109062113633,14439633.255652897
77.JPG,72.1,2.44,0.449432,6247,34.673270837094826,11965875.852499148
88.JPG,50.1,1.12,0.44990600000000003,4437,29.221585311742697,19049166.4491356
89.JPG,68.1,2.33,0.44986000000000004,5408,32.26096844887279,13272626.514350569
76.JPG,69.2,2.03,0.449484,3736,26.814054807708846,18900597.176327508
62.JPG,80.3,2.32,0.39943599999999996,4118,28.151544709085258,15732858.585546328
74.JPG,67.4,2.25,0.44917,6694,35.89235156202202,11432640.883129364
60.JPG,74.1,2.2,0.349923,5518,32.58741467391133,10916800.95891508
48.JPG,74.3,2.2,0.349411,4977,30.94873335995496,11793842.414991159
149.JPG,72.4,2.19,0.599453,6979,36.64845394044337,15535272.53528885
148.JPG,72.9,2.19,0.599785,5413,32.275878542772695,18872098.659444813
49.JPG,70.5,2.25,0.34981599999999996,5401,32.24008273300576,10696673.690269163
61.JPG,65.5,2.32,0.349834,4838,30.513497572601153,11028099.781290505
75.JPG,70.8,2.03,0.449182,3789,27.00358105856513,18904226.494901437
59.JPG,75.5,2.35,0.349972,4624,29.831010960256496,12175053.732673744
71.JPG,69.5,2.56,0.399128,7641,38.34724417250837,8757565.159676736
65.JPG,70.2,2.28,0.39965300000000004,4762,30.272881053736295,13313847.501422862
64.JPG,64.9,1.88,0.399428,5453,32.394912244008474,12728191.998719104
70.JPG,67.8,2.05,0.399363,4454,29.27751184197292,14497879.792360963
58.JPG,60.7,2.23,0.349262,3542,26.108585136372636,13658979.226845108
8.JPG,58.0,1.98,0.199843,6264,34.72041707796637,5286800.739048767
66.JPG,65.0,2.38,0.399814,5535,32.6375741539542,11205968.307454811
72.JPG,62.0,2.02,0.399199,7753,38.627264278948395,9212312.852838552
99.JPG,58.2,2.46,0.29668900000000004,4103,28.100226300897972,9687922.532051094
98.JPG,67.5,2.22,0.449453,4016,27.800711508074375,16907360.633320924
73.JPG,76.1,2.06,0.39916199999999996,5625,32.90185032381231,12855158.172595799
67.JPG,54.5,1.66,0.399303,5289,31.904051852097254,12696324.57824418
9.JPG,72.5,2.34,0.19989500000000002,2434,21.643094011774664,11050552.36529386
14.JPG,55.7,2.34,0.249597,5565,32.72590333889587,6504614.531489797
28.JPG,82.7,2.37,0.299977,4363,28.97688288086636,11360280.142277729
129.JPG,75.7,2.22,0.54887,6434,35.18840543875237,15354708.12859793
101.JPG,82.0,2.7,0.498892,6037,34.0854982609798,13815834.228305496
115.JPG,68.3,2.22,0.499684,5879,33.63649918647802,14207351.471779076
114.JPG,83.2,2.28,0.49908800000000003,6261,34.71210180612446,14741782.564689318
100.JPG,49.6,0.8,0.499243,5244,31.768038506389814,21954433.145988826
128.JPG,70.0,1.75,0.5489740000000001,5035,31.128543200572718,19991416.961119507
29.JPG,64.4,2.05,0.299611,4374,29.01338815923563,10745486.547833567
15.JPG,68.1,2.56,0.249667,5859,33.57923578236019,6617721.771146938
17.JPG,58.7,2.28,0.249787,3853,27.230684819321183,8919358.374722341
116.JPG,68.1,2.35,0.549271,5883,33.647940172926724,15149160.616851578
102.JPG,69.8,2.14,0.49955700000000003,5080,31.26733848327622,16318096.641603138
103.JPG,73.4,2.29,0.498917,5357,32.10849000938757,15524898.4404381
117.JPG,29.5,0.38,0.549566,3727,26.781737890272264,34936623.773314424
16.JPG,71.8,2.06,0.249579,5851,33.55630305932851,7580109.688873093
12.JPG,70.3,2.37,0.19972800000000002,4715,30.12311692166602,6579495.306096774
113.JPG,66.5,2.35,0.49961,4984,30.970489941453916,15420054.202671407
107.JPG,61.0,2.35,0.499349,5425,32.31163469687928,13851499.016812708
106.JPG,66.9,2.45,0.499808,5329,32.024467648510644,14411538.334932558
112.JPG,57.7,2.0,0.49912799999999996,6644,35.758053584686216,12537877.895654855
13.JPG,72.8,2.19,0.19987799999999997,4843,30.52926112046909,6831784.949599203
39.JPG,55.0,2.52,0.29948899999999995,4280,28.6999370041794,9099982.03345754
11.JPG,54.8,2.02,0.199852,4922,30.7772536404801,6096467.989822508
104.JPG,74.2,2.34,0.49980399999999997,6375,35.026694420512406,13576724.99502222
110.JPG,65.7,2.22,0.499847,4890,30.67704253638362,16003797.763575392
138.JPG,70.4,2.31,0.599362,4697,30.065562882826985,20070839.402777076
139.JPG,66.5,2.32,0.508367,4184,28.3762431521475,18005775.708525132
111.JPG,105.9,5.6,0.49988900000000003,5874,33.62219247867823,11150350.051228894
105.JPG,79.0,2.43,0.499287,6539,35.474372957723354,13473752.819258867
10.JPG,68.1,2.19,0.19977899999999998,4825,30.4724741848549,6622771.2797565255
38.JPG,75.2,2.56,0.299389,3354,25.4062512180369,12671087.652494071
21.JPG,80.1,2.02,0.24975299999999998,4355,28.950304674970294,10096516.95657169
35.JPG,65.7,2.16,0.299675,3771,26.939363176796874,11820213.89453139
108.JPG,74.9,2.53,0.49906,4403,29.109409906087766,17289534.79521899
120.JPG,79.9,2.73,0.549869,6404,35.106272582405005,14301257.335933525
134.JPG,66.8,2.26,0.330805,4516,29.480580137102397,11235749.250053497
135.JPG,73.9,2.34,0.599468,5430,32.326521421786516,18329129.303967964
121.JPG,84.0,2.41,0.549056,6528,35.44452264816985,15361161.876953166
109.JPG,77.2,2.12,0.49909,7289,37.453553957415856,13139536.232433967
34.JPG,72.0,2.2,0.299722,3819,27.110272825598667,12147102.537010683
20.JPG,61.7,2.32,0.24990700000000002,6479,35.31124652798116,6141966.413579297
36.JPG,69.7,2.42,0.299679,3554,26.15277459276504,12025090.7027564
22.JPG,61.6,1.83,0.249488,7190,37.198335247129044,6380125.425934917
137.JPG,74.4,3.18,0.599307,6602,35.64485225662517,13621565.708081365
123.JPG,76.4,2.43,0.5487329999999999,4326,28.85375345031284,19851857.382996466
122.JPG,78.3,2.66,0.548956,5526,32.611028745614426,15993033.61428496
136.JPG,65.0,2.08,0.599287,6406,35.111754083349076,16102046.576601587
23.JPG,64.8,2.27,0.249546,4585,29.704943383408054,8235350.616473853
37.JPG,73.2,2.05,0.299774,4584,29.701703845431968,11066251.287511429
33.JPG,72.3,2.13,0.299928,3802,27.049865825045888,12420774.740706092
27.JPG,69.6,1.95,0.299765,4392,29.073025196797328,11424386.863193957
132.JPG,60.2,2.09,0.549766,6006,33.99787109390279,14884196.532289073
126.JPG,65.7,2.28,0.549104,5417,32.2878016604837,16066162.434902534
127.JPG,75.8,2.15,0.549018,4253,28.609268281820132,21303052.16163119
133.JPG,69.2,2.51,0.549205,4852,30.55761501441751,17071492.292895235
26.JPG,82.8,2.6,0.299744,4553,29.60110231967928,10503091.931255111
32.JPG,70.0,1.77,0.299631,7748,38.614806683797774,7852687.828101562
18.JPG,76.0,2.35,0.24995900000000001,5026,31.100709814767132,8195702.623986734
24.JPG,64.1,2.0,0.29959399999999997,4129,28.18911883146855,11332477.821500832
30.JPG,70.3,2.04,0.299481,5691,33.09431160566299,9234254.203263408
125.JPG,74.6,2.17,0.5493060000000001,6063,34.15881868613482,16132423.894795546
131.JPG,66.0,2.3,0.548855,4775,30.31417454690387,17615584.349743962
119.JPG,71.3,2.26,0.549976,4206,28.450748274937435,20356061.003092006
118.JPG,75.9,2.13,0.5492480000000001,5751,33.26831023716883,17086513.587352503
130.JPG,70.9,2.2,0.549986,5325,32.012446451522344,17237930.057598013
124.JPG,83.0,2.36,0.549676,3009,24.06412932140273,27614335.09515821
31.JPG,77.2,2.51,0.299814,2429,21.62085261856865,16539199.032260865
25.JPG,73.6,2.36,0.299713,6615,35.67992914178958,7853305.851938233
19.JPG,79.3,2.92,0.24992799999999998,7420,37.7886182043704,5606845.181942782
42.JPG,71.2,2.17,0.299928,5452,32.39194173258651,9319050.552172394
4.JPG,52.8,1.93,0.14991,5457,32.40679156682946,4250253.729800799
56.JPG,61.4,2.19,0.349588,3530,26.064320761271713,13910701.363812063
81.JPG,64.4,1.97,0.449758,4293,28.743490310161608,16687045.98828226
95.JPG,73.7,2.62,0.44977100000000003,5801,33.41261693616659,12351190.228539951
143.JPG,75.2,2.22,0.55112,5675,33.0477572494268,16883621.868311632
142.JPG,60.4,2.28,0.433392,4261,28.63616301704889,14556591.583832344
94.JPG,75.0,2.35,0.44953,6634,35.7311334170635,11890091.37044183
80.JPG,68.5,2.55,0.449406,5306,31.955284009170033,12894367.364135953
5.JPG,71.1,2.4,0.149953,4779,30.326868925411237,4887007.178624211
57.JPG,72.1,2.17,0.349313,4953,30.874022971295332,11737150.668527288
43.JPG,84.7,2.43,0.299663,6266,34.72595948634679,8645503.880262652
55.JPG,75.9,2.38,0.349335,6285,34.778568313722545,9618491.364247445
7.JPG,43.9,0.91,0.199732,6006,33.99787109390279,6998123.950513814
41.JPG,70.5,2.41,0.299439,6856,36.324066611380736,7397802.041892375
69.JPG,71.9,2.16,0.399764,5073,31.245788599420198,13205474.666646188
96.JPG,66.1,2.29,0.449064,4892,30.683315318891953,14195078.689166907
82.JPG,80.9,2.27,0.44964,4087,28.04538316240304,18073164.629587807
140.JPG,67.7,2.29,0.35784,4301,28.77025957352824,12608104.739490379
141.JPG,60.3,2.37,0.286738,3730,26.79251452724127,10429164.615358222
83.JPG,66.1,2.38,0.449214,7422,37.793710666923594,10189109.583570328
97.JPG,77.9,2.47,0.44987299999999997,7534,38.077801617541944,10752324.94766313
68.JPG,58.9,1.99,0.399441,4231,28.535177056522745,14256499.13464642
40.JPG,65.3,2.17,0.29988099999999995,5885,33.65365920758567,8426112.151527015
54.JPG,72.5,1.93,0.349454,4079,28.017921336319024,14441971.955437971
6.JPG,59.9,3.28,0.199856,5694,33.103033258629175,4484272.488625652
78.JPG,66.9,2.7,0.449161,7210,37.25003552954548,9834293.826554853
2.JPG,76.5,2.12,0.149694,6130,34.34703844648232,4467177.777720429
50.JPG,67.6,2.28,0.34966,5128,31.414710887334298,10813151.22787616
44.JPG,64.5,1.96,0.34972000000000003,3981,27.679302867208076,13776521.354434561
145.JPG,73.5,2.3,0.599189,6260,34.70932960615948,16564344.1515443
93.JPG,72.9,2.31,0.449483,5117,31.380999173827647,14363851.080869138
87.JPG,72.6,2.36,0.449356,5070,31.236548383751806,14276057.742497988
86.JPG,71.9,2.09,0.449601,4013,27.790325836268803,18000232.405021068
92.JPG,75.9,2.15,0.449149,5218,31.68918692883251,14959788.39691669
144.JPG,75.0,2.01,0.599682,7194,37.20868105048502,16139393.214666719
150.JPG,77.4,2.35,0.599587,4336,28.887083429601176,22163238.180988975
45.JPG,78.0,2.21,0.34963099999999997,5624,32.89892558490047,11007495.698104756
3.JPG,78.9,2.81,0.149817,5757,33.2856600741955,4133906.765001017
51.JPG,64.7,2.35,0.34961200000000003,4767,30.28876982880479,11004798.31519466
79.JPG,75.5,2.58,0.449733,6653,35.782264419302194,11366235.438559841
47.JPG,60.7,1.28,0.349966,4548,29.584844229630022,14976532.868112383
53.JPG,76.2,2.13,0.349591,6457,35.25124436648733,9990477.571874859
1.JPG,62.7,2.07,0.099913,3971,27.64451674957142,3783180.768359385
146.JPG,66.1,2.17,0.5994539999999999,6453,35.240323906384354,15814915.945230938
84.JPG,62.6,2.15,0.37520600000000004,6029,34.06290637895448,10183924.24240327
90.JPG,63.5,2.22,0.44909,5396,32.22515607692858,13129591.552253151
91.JPG,70.2,2.39,0.449474,6703,35.916471868202116,11317061.539020699
85.JPG,69.2,2.69,0.44990199999999997,6172,34.46450280814725,11278122.423679788
147.JPG,62.3,2.34,0.598946,5761,33.297221609825215,16084655.684548078
52.JPG,59.7,2.22,0.34930500000000003,5569,32.73766255714777,9670389.765952963
